{
  "best_metric": 1.4223201274871826,
  "best_model_checkpoint": "./results/peft_model/checkpoint-225",
  "epoch": 1.0,
  "eval_steps": 500,
  "global_step": 225,
  "is_hyper_param_search": false,
  "is_local_process_zero": true,
  "is_world_process_zero": true,
  "log_history": [
    {
      "epoch": 0.44,
      "grad_norm": 19.27665138244629,
      "learning_rate": 0.0006188118811881188,
      "loss": 2.1917,
      "step": 100
    },
    {
      "epoch": 0.89,
      "grad_norm": 15.288230895996094,
      "learning_rate": 0.00012376237623762376,
      "loss": 1.4824,
      "step": 200
    },
    {
      "epoch": 1.0,
      "eval_accuracy": 0.47333333333333333,
      "eval_f1": 0.45589741615951657,
      "eval_loss": 1.4223201274871826,
      "eval_precision": 0.44815058700521065,
      "eval_recall": 0.47333333333333333,
      "eval_runtime": 32.3809,
      "eval_samples_per_second": 27.794,
      "eval_steps_per_second": 1.76,
      "step": 225
    }
  ],
  "logging_steps": 100,
  "max_steps": 225,
  "num_input_tokens_seen": 0,
  "num_train_epochs": 1,
  "save_steps": 500,
  "total_flos": 471217471488000.0,
  "train_batch_size": 8,
  "trial_name": null,
  "trial_params": null
}
